type;title;director;cast;country;date_added;release_year;rating;duration;listed_in;description
Movie;Soy Rada: Serendipity;Pablo Faro;Agustín Aristarán;Argentina;May 27, 2021;2021;TV-MA;70 min;Stand-Up Comedy;The delightful Argentine comic Agustín Aristarán (aka Soy Rada) is back, this time putting the spotlight on family and parenting, magic and music.
Movie;A Second Chance:  Rivals!;Clay Glen;Emily Morris, Stella Shute, Eva Grados, India Colombi, Nina Pearce, Adam Tuominen, Carmel Johnson, Natasha Wanganeen, Elysia Markou, Alexander Lloyd, Amy Handley;Australia;July 23, 2021;2021;PG;91 min;Children & Family Movies, Sports Movies;Crushed when she doesn't qualify for the Olympics, a now-grown Maddy Cornell finds new purpose coaching young gymnasts going up against a rival team.
Movie;This Little Love Of Mine;Christine Luby;Saskia Hampele, Liam McIntyre, Lynn Gilmartin, Craig Horner;Australia;July 7, 2021;2021;TV-G;92 min;International Movies, Romantic Movies;A workaholic lawyer returns to her island home to convince an old friend to take over his family’s company — but rekindled feelings soon get in the way.
Movie;Penguin Bloom;Glendyn Ivin;Naomi Watts, Andrew Lincoln, Jacki Weaver, Griffin Murray-Johnston, Rachel House, Leeanna Walsman, Lisa Hensley, Felix Cameron, Abe Clifford-Barr;Australia, United States;January 27, 2021;2021;TV-14;95 min;Children & Family Movies, Dramas;As a mom copes with the aftermath of a harrowing accident, she finds inspiration from an injured magpie taken in by her family. Based on a true story.
Movie;Bigfoot Family;Jérémie Degruson, Ben Stassen;Jules Wojciechowski, Roger Craig Smith, Grant George, David Lodge, Lindsey Alena, Sandy Fox, Joey Lotsko;Belgium, France;February 26, 2021;2021;TV-Y7;88 min;Children & Family Movies, Comedies;Bigfoot’s now a big deal. So when he goes missing, his shy but tech-savvy teen son must take on an evil CEO to save his family and a wildlife preserve.
Movie;Ferry;Cecilia Verheyden;Frank Lammers, Elise Schaap, Huub Stapel, Monic Hendrickx, Raymond Thiry, Maarten Heijmans, Yannick van de Velde;Belgium, Netherlands;May 14, 2021;2021;TV-MA;107 min;Dramas, International Movies, Thrillers;Before he built a drug empire, Ferry Bouman returns to his hometown on a revenge mission that finds his loyalty tested — and a love that alters his life.
Movie;Carnaval;Leandro Neri;Giovana Cordeiro, Gkay, Bruna Inocencio, Samya Pascotto, Flavia Pavanelli, Micael Borges, Jean Pedro, Rafael Medrado, Nikolas Antunes, Stella Miranda;Brazil;June 2, 2021;2021;TV-MA;95 min;Comedies, International Movies, Music & Musicals;After a breakup, an influencer takes her friends on a free trip to Bahia's vibrant Carnival, where she learns life's not just about social media likes.
Movie;Get the Grift;Pedro Antonio;Marcus Majella, Samantha Schmütz, Caito Mainier, Pedroca Monteiro, Thelmo Fernandes, Zeca Carvalho, Pablo Sanabio, Luan Caruzo;Brazil;April 28, 2021;2021;TV-MA;95 min;Comedies, International Movies;After a botched scam, Clóvis bumps into Lohane, his estranged foster sister. In a bind, they soon realize the only way out is to band together.
Movie;Get the Goat;Vitor Brandt;Matheus Nachtergaele, Edmilson Filho, Letícia Lima, Leandro Ramos, Evelyn Castro, Valéria Vitoriano, Victor Allen, Renan Medeiros, Eyrio Okura, Jéssica Tamochunas, Marcondes Falcão, Juliano Cazarré;Brazil;March 18, 2021;2021;TV-14;98 min;Action & Adventure, Comedies, International Movies;Two hapless cops find themselves in over their heads as they cross paths with dangerous criminals while searching for Celestina, a beloved goat mascot.
Movie;Vivo;Kirk DeMicco, Brandon Jeffords;Lin-Manuel Miranda, Ynairaly Simo, Zoe Saldana, Juan de Marcos, Brian Tyree Henry, Gloria Estefan, Michael Rooker, Nicole Byer;Canada, United States;August 6, 2021;2021;PG;100 min;Children & Family Movies, Music & Musicals;A music-loving kinkajou embarks on the journey of a lifetime to fulfill his destiny and deliver a love song for an old friend.
Movie;Charming;Ross Venokur;Wilmer Valderrama, Demi Lovato, Sia, Nia Vardalos, Ashley Tisdale, Avril Lavigne, G.E.M., John Cleese, Chris Harrison, Dee Bradley Baker, Carlos Alazraqui;Canada, United States, Cayman Islands;January 8, 2021;2021;TV-Y7;85 min;Children & Family Movies, Comedies;On the eve of his 21st birthday, an adored prince must find his one, true soulmate before a spell takes away all love from his kingdom.
Movie;The Yin Yang Master;Li Weiran;Chen Kun, Zhou Xun, Qu Chuxiao, Shen Yue, William Chan Wai-ting, Wang Likun, Cici Wang;China;March 19, 2021;2021;TV-14;120 min;Action & Adventure, International Movies;A feud erupts between realms, and Yin Yang master Qing Ming teams up with disgraced guard Yuan Boya to vanquish a demonic threat as a conspiracy looms.
Movie;Super Me;Zhang Chong;Darren Wang, Song Jia, Cao Bingkun, Wu Gang, Chin Shih-chieh, Wang Ziyi, Kevin Lee;China;May 8, 2021;2021;TV-14;104 min;Action & Adventure, Dramas, International Movies;A struggling screenwriter discovers his lucrative ability to bring antiques from his dreams into the real world — but his new life soon unravels.
Movie;The Yin-Yang Master: Dream Of Eternity;Guo Jingming;Mark Chao, Deng Lun, Wang Ziwen, Jessie Li, Wang Duo, Sun Chenjun, Xu Kaicheng, Jasper, Ju Xiaowen;China;February 5, 2021;2021;TV-14;133 min;Action & Adventure, International Movies;When a demonic serpent reawakens, the Yin-Yang Masters must solve a murder mystery and protect their realms from a dark conspiracy at the royal court.
Movie;New Gods: Nezha Reborn;Zhao Ji;Yang Tianxiang, Zhang He, Xuan Xiaoming, Li Shimeng;China;April 12, 2021;2021;TV-14;118 min;Action & Adventure, Anime Features, International Movies;While living as an ordinary deliveryman and motor racing fan, Nezha encounters old nemeses and must rediscover his powers to protect his loved ones.
Movie;The Soul;Cheng Wei-hao;Chang Chen, Janine Chang, Christopher Lee, Anke Sun, Lin Hui-min, Samuel Ku, Zhang Bojia, Lu Hsueh-feng;China, Taiwan;April 14, 2021;2021;TV-MA;130 min;Dramas, International Movies, Thrillers;While investigating the death of a businessman, a prosecutor and his wife uncover occult secrets as they face their own life-and-death dilemma.
Movie;Octonauts & the Ring of Fire;Blair Simmons;Simon Greenall, Rob Rackstraw, Jo Wyatt, Paul Buckley, Simon Foster, Teresa Gallagher, Richard Grieve, Michael Murphy, Paul Panting, Keith Wickham;China, United Kingdom;March 30, 2021;2021;TV-Y;73 min;Children & Family Movies;When red-hot volcanoes start a chain reaction of disasters across the ocean, the Octonauts must work together to face their biggest challenge yet.
Movie;Wish Dragon;Chris Appelhans;Jimmy Wong, John Cho, Constance Wu, Will Yun Lee, Bobby Lee, Jimmy O. Yang, Ian Chen;China, United States, Canada;June 11, 2021;2021;PG;102 min;Children & Family Movies, Comedies;Determined teen Din is longing to reconnect with his childhood best friend when he meets a wish-granting dragon who shows him the magic of possibilities.
Movie;Dogwashers;Carlos Moreno;Christian Tappan, Anderson Ballesteros, John Álex Toro, Ulises González, Leonor López, Hector Mauricio Mejia, Johnnie Castillo, Isabella Licht Delgado, Marlon Pérez Cruz, Kevin Andrés Muñoz;Colombia;March 5, 2021;2021;TV-MA;108 min;Comedies, Dramas, International Movies;When a narco past his prime refuses to pay a debt to an upstart, only a secret stash of money can save his men. But guess what the gardener just found?
Movie;Lokillo: Nothing's the Same;Julián Gaviria;Lokillo Florez;Colombia;August 12, 2021;2021;TV-MA;64 min;Stand-Up Comedy;Through songs and puns, comedian Lokillo Florez hilariously reviews how Latin Americans have adjusted to a new world where no-hugging policies prevail.
TV Show;Dealer;Ange Basterga, Nicolas Lopez;Abdramane Diakité, Mohamed Boudouh, Sébastien Houbani, Idir Azougli, Julien Meurice, Abdillah Assoumani, Jean-Toussaint Bernard, Romain Vissol;France;March 10, 2021;2021;TV-MA;1 Season;Crime TV Shows, International TV Shows, TV Action & Adventure;Tensions erupt when two filmmakers infiltrate an area ruled by gangs to shoot a music video for a rapper in this gritty found-footage series.
TV Show;Gone for Good;Juan Carlos Medina;Finnegan Oldfield, Nicolas Duvauchelle, Guillaume Gouix, Garance Marillier, Nailia Harzoune;France;August 13, 2021;2021;TV-MA;1 Season;Crime TV Shows, International TV Shows, TV Dramas;Ten years after losing two loved ones, a man is plunged into another dizzying mystery when his girlfriend vanishes. Based on a Harlan Coben novel.
Movie;The Misadventures of Hedi and Cokeman;Julien Royal;Hedi Bouchenafa, Nassim Lyes, Fred Testot, Julie Ferrier, Benjamin Tranié, Hugues Jourdain, Charlotte Gabris, Vincent Desagnat, Nina Kepekian, Hakim Jemili, Bun-hay Mean;France;February 10, 2021;2021;TV-MA;99 min;Comedies, International Movies;In Paris, two dysfunctional dealers use family ties to try to boost their small drug business in this crass comedy based on the webseries.
Movie;Madame Claude;Sylvie Verheyde;Karole Rocher, Garance Marillier, Roschdy Zem, Pierre Deladonchamps, Liah O'Prey, Paul Hamy, Mylène Jampanoï, Hafsia Herzi, Regina Anikiy, Annabelle Belmondo, Joséphine de La Baume;France;April 2, 2021;2021;TV-MA;113 min;Dramas, International Movies;In 1960s Paris, Madame Claude's influence extends beyond the world of sex work — until an affluent young woman threatens to change everything.
Movie;Sentinelle;Julien Leclercq;Olga Kurylenko, Marilyn Lima, Michel Nabokoff, Martin Swabey, Carole Weyers, Andrey Gorlenko, Antonia Malinova, Gabriel Almaer, Blaise Afonso, Guillaume Duhesme, Michel Biel;France;March 5, 2021;2021;TV-MA;81 min;Action & Adventure, Dramas, International Movies;Transferred home after a traumatizing combat mission, a highly trained French soldier uses her lethal skills to hunt down the man who hurt her sister.
Movie;The Swarm;Just Philippot;Suliane Brahim, Sofian Khammes, Marie Narbonne, Raphaël Romand, Stéphan Castang, Victor Bonnel, Christian Bouillette, Renan Prévot, Vincent Deniard;France;August 6, 2021;2021;TV-14;102 min;Horror Movies, Independent Movies, International Movies;A single mother breeds locusts as high-protein food, but has trouble getting them to reproduce — until she finds they have a taste for blood.
Movie;Oxygen;Alexandre Aja;Mélanie Laurent, Mathieu Amalric, Malik Zidi;France, United States;May 12, 2021;2021;TV-14;102 min;Dramas, International Movies, Thrillers;After waking up in a cryogenic unit, Liz fights to survive and remember who she is before her oxygen runs out.
Movie;RebellComedy: Straight Outta the Zoo;Ladislaus Kiraly;Khalid Bounouar, Alain Frei, Babak Ghassim, Benaissa Lamroubal, Salim Samatou, Hany Siam, Ususmango, DJ Wati;Germany;March 16, 2021;2021;TV-MA;74 min;Stand-Up Comedy;The comics of RebellComedy take the stage and tackle mistaken identities, geriatric influencers, our flawed perceptions of animals and more.
Movie;Je Suis Karl;Christian Schwochow;Luna Wedler, Jannis Niewöhner, Milan Peschel, Edin Hasanović, Anna Fialová, Marlon Boess, Victor Boccard, Fleur Geffrier, Aziz Dyab, Mélanie Fouché, Elizaveta Maximová;Germany, Czech Republic;September 23, 2021;2021;TV-MA;127 min;Dramas, International Movies;After most of her family is murdered in a terrorist bombing, a young woman is unknowingly lured into joining the very group that killed them.
Movie;Stowaway;Joe Penna;Anna Kendrick, Toni Collette, Daniel Dae Kim, Shamier Anderson;Germany, United States;April 22, 2021;2021;TV-MA;116 min;Dramas, International Movies, Thrillers;A three-person crew on a mission to Mars faces an impossible choice when an unplanned passenger jeopardizes the lives of everyone on board.
Movie;Outside the Wire;Mikael Håfström;Anthony Mackie, Damson Idris, Emily Beecham, Michael Kelly, Pilou Asbæk;Hungary, United States;January 15, 2021;2021;R;116 min;Action & Adventure;In the near future, a drone pilot sent into a war zone finds himself paired with a top-secret android officer on a mission to stop a nuclear attack.
Movie;The Disciple;Chaitanya Tamhane;Aditya Modak, Arun Dravid, Sumitra Bhave, Deepika Bhide Bhagwat, Kiran Yadnyopavit, Abhishek Kale, Neela Khedkar, Makarand Mukund, Kristy Banerjee, Prasad Vanarse;India;April 30, 2021;2021;TV-MA;128 min;Dramas, Independent Movies, International Movies;Self-doubt, sacrifice and struggle converge into an existential crisis for a devoted classical vocalist as the mastery he strives for remains elusive.
Movie;Tuesdays & Fridays;Taranveer Singh;Anmol Thakeria Dhillon, Jhataleka, Niki Walia, Kamini Khanna, Zoa Morani, Nayan Shukla, Eklavyey Kashyap, Reem Shaikh;India;April 16, 2021;2021;TV-14;106 min;Comedies, Dramas, International Movies;To avoid the burden of commitment, a young lawyer and a writer agree to be romantic partners only two days a week. That won’t get complicated — right?
Movie;Ahaan;Nikhil Pherwani;Arif Zakaria, Abuli Mamaji, Niharika Singh, Rajit Kapoor, Plabita Borthakur, Shilpa Mehta, Kaizaad Kotwal, Sonali Sachdev, Haresh Raut;India;May 15, 2021;2021;TV-MA;81 min;Dramas, Independent Movies, International Movies;Jilted by his wife, a man with OCD finds eye-opening common ground and camaraderie with his neighbor, a young man with Down Syndrome.
Movie;Sardar Ka Grandson;Kaashvie Nair;Arjun Kapoor, Neena Gupta, Rakul Preet Singh, Kumud Mishra, Aditi Rao Hydari, John Abraham, Kanwaljeet Singh, Soni Razdan, Masood Akhtar, Divya Seth, Ravjeet Singh, Akashdeep Sabir;India;May 18, 2021;2021;TV-14;140 min;Comedies, Dramas, International Movies;A devoted grandson’s mission to reunite his ailing grandmother with her ancestral home turns into a complicated, comic cross-border affair.
Movie;C/O Kaadhal;Hemambar Jasti;Deepann, Vetri, Mumtaz Sorcar, Ayra, Karthik Rathnam, Sonia Giri, Nishesh, Shwetha;India;March 15, 2021;2021;TV-14;131 min;Dramas, International Movies, Romantic Movies;"Cutting across conventions and expectations, four brave love stories blossom in this Tamil remake of the 2018 Telugu film ""Care of Kancharapalem.”"
Movie;99 Songs;Vishwesh Krishnamoorthy;Ehan Bhat, Edilsy Vargas, Manisha Koirala, Lisa Ray, Tenzin Dalha, Warina Hussain, Ranjit Barot, Neel Tyagi, Rahul Ram, Diwakar Pundir;India;May 21, 2021;2021;TV-14;131 min;Dramas, International Movies, Music & Musicals;Challenged to compose 100 songs before he can marry the girl he loves, a tortured but passionate singer-songwriter embarks on a poignant musical journey.
Movie;Irul;Naseef Yusuf Izuddin;Fahadh Faasil, Soubin Shahir, Darshana Rajendran;India;April 2, 2021;2021;TV-MA;91 min;International Movies, Thrillers;When a car breakdown forces a couple to seek shelter in a nearby home, conversations with the stranger inside soon suggest there’s a killer among them.
Movie;Ajeeb Daastaans;Shashank Khaitan, Raj Mehta, Neeraj Ghaywan, Kayoze Irani;Fatima Sana Shaikh, Jaideep Ahlawat, Armaan Ralhan, Nushrat Bharucha, Abhishek Banerjee, Inayat Verma, Konkona Sen Sharma, Aditi Rao Hydari, Shefali Shah, Manav Kaul, Tota Roy Chowdhury;India;April 16, 2021;2021;TV-MA;142 min;Dramas, Independent Movies, International Movies;Four shorts explore the surprising ways in which unexpected catalysts inflame the uncomfortable emotions simmering under fractured relationships.
Movie;Tribhanga - Tedhi Medhi Crazy;Renuka Shahane;Kajol, Tanvi Azmi, Mithila Palkar, Kunaal Roy Kapur, Vaibhav Tatwawaadi, Kanwaljeet Singh, Manav Gohil, Shweta Mehendale;India;January 15, 2021;2021;TV-MA;96 min;Dramas, International Movies;When her estranged mother falls into a coma, a self-made single mom grapples with regret and resentment while reflecting on their strained relationship.
Movie;Sarbath;Prabhakaran;Kathir, Soori, Rahasya Gorak, Ashvatt;India;June 11, 2021;2021;TV-PG;113 min;Comedies, Dramas, International Movies;When a city man returns to his native village for his brother’s wedding, several unforeseen snags make his visit more eventful than anticipated.
Movie;Nayattu;Martin Prakkat;Kunchacko Boban, Joju George, Nimisha Sajayan, Jaffer Idukki, Yama Gilgamesh, Anil Nedumangad, Dineesh P, Vinod Sagar;India;May 9, 2021;2021;TV-MA;122 min;Dramas, International Movies, Thrillers;Three police officers become pawns for unscrupulous lawmakers when they are framed in an incident amid political elections and must flee to evade arrest.
TV Show;Pitta Kathalu;Tharun Bhascker Dhaassyam, B. V. Nandini Reddy, Nag Ashwin, Sankalp Reddy;Manchu Lakshmi, Saanve Megghana, Naveen Kumar, Jagapathi Babu, Amala Paul, Aswin Kakamanu, Shruthi Haasan, Sanjith Hegde, Sangeeth Shoban, Anish Kuruvilla, Uko, Dayanand Reddy, Thanmayi, Satya Dev, Eesha Rebba, Srinivas Avasarala, Ashima Narwal;India;February 19, 2021;2021;TV-MA;1 Season;International TV Shows, TV Dramas;From secrets and lies to jealousy and control, four stories in this anthology film explore the darker, deceptive sides of love.
Movie;Aelay;Halitha Shameem;P. Samuthirakani, Manikandan, Madhumathi Padmanathan, Akalyadevi B., S I Neelambari;India;March 5, 2021;2021;TV-14;151 min;Comedies, Dramas, Independent Movies;A son stoically returns to his village upon his father’s death, recalling their chilly dynamic before a bizarre event disrupts his visit.
Movie;The Girl on the Train;Ribhu Dasgupta;Parineeti Chopra, Aditi Rao Hydari, Kirti Kulhari, Avinash Tiwary, Tota Roy Chowdhury;India;February 26, 2021;2021;TV-MA;120 min;International Movies, Thrillers;A troubled divorcée fixates on a seemingly ideal couple from afar until a shocking observation sends her spiraling straight into a knotty murder case.
Movie;Roohi;Hardik Mehta;Rajkummar Rao, Varun Sharma, Janhvi Kapoor, Manav Vij, Sarita Joshi, Anuraag Arora, Alexx O'Nell, Rajesh Jais;India;April 9, 2021;2021;TV-14;133 min;Comedies, Horror Movies, International Movies;Hired to kidnap a bride, two bumbling pals face a wacky predicament when one falls for their abductee — and the other, for the spirit possessing her.
Movie;Red;Tirumala Kishore;Ram Pothineni, Nivetha Pethuraj, Malvika Sharma, Amritha Aiyer, Sampath Raj;India;February 23, 2021;2021;TV-14;143 min;Dramas, International Movies;A murder investigation leads police to a photo of a suspect, but when two men are found with faces that match the picture, the case gets doubly tricky.
Movie;Pagglait;Umesh Bist;Sanya Malhotra, Sayani Gupta, Ashutosh Rana, Raghuvir Yadav, Shruti Sharma, Sheeba Chaddha, Natasha Rastogi, Rajesh Tailang, Meghna Malik, Jameel Khan, Chetan Sharma, Ananya Khare, Bhupesh Pandya;India;March 26, 2021;2021;TV-PG;114 min;Comedies, Dramas, International Movies;Widowed soon after marriage, a young woman grapples with an inability to grieve, quirky relatives and a startling discovery about her late husband.
Movie;Thimmarusu;Sharan Koppisetty;Satya Dev, Priyanka Jawalkar, Brahmaji;India;August 28, 2021;2021;TV-14;125 min;Dramas, International Movies;Eight years after a young man is framed for murder, an up-and-coming lawyer re-opens the case, beginning a tricky mission to find the real culprit.
TV Show;Navarasa;Bejoy Nambiar, Priyadarshan, Karthik Narain, Vasanth Sai, Karthik Subbaraj, Arvind Swamy, Rathindran R Prasad, Sarjun, Gautham Vasudev Menon;Suriya, Vijay Sethupathi, Revathy, Prakash Raj, Siddarth, Parvathy, Delhi Ganesh, Gautham Vasudev Menon, Anjali, Yogi Babu, Aditi Balan, Remya Nambeesan, Poorna, Prayaga Martin, Rythvika Suriya, Arvind Swamy, Prasanna, Atharva, Bobby Simha, Ashok Selvan, Nedumudi Venu, Kishore;India;August 6, 2021;2021;TV-MA;1 Season;TV Shows;From amusement to awe, the nine human emotions of Indian aesthetic theory are explored in this anthology series.
Movie;Milestone;Ivan Ayr;Suvinder Vicky, Lakshvir Saran, Mohinder Gujral, Gurinder Makna, Daljeet Singh, Akhilesh Kumar, Gaurika Bhatt, Arun Aseng;India;May 7, 2021;2021;TV-14;98 min;Dramas, Independent Movies, International Movies;Recently marking 500,000 kilometers on the road, a newly bereaved trucker faces the threat of losing the job that has come to define him to a new intern.
Movie;Haseen Dillruba;Vinil Mathew;Taapsee Pannu, Vikrant Massey, Harshvardhan Rane, Aditya Srivastava, Ashish Verma, Yamini Das, Daya Shankar Pandey;India;July 2, 2021;2021;TV-MA;136 min;International Movies, Romantic Movies, Thrillers;Under investigation as a suspect in her husband’s murder, a wife reveals details of their thorny marriage that seem to only further blur the truth.
Movie;Cinema Bandi;Praveen Kandregula;Vikas Vasistha, Sandeep Varanasi, Rag Mayur, Trishara, Munivenkatapa, Uma Yg, Sirivennela Yanamandhala, Sindhu Sreenivasa Murthy;India;May 14, 2021;2021;TV-MA;99 min;Comedies, Independent Movies, International Movies;A struggling rickshaw driver’s life takes a rollicking turn when he comes upon an expensive camera and decides to make a film with his fellow villagers.
Movie;Mandela;Madonne Ashwin;Yogi Babu, Sheela Rajkumar, Sangili Murugan, G. M. Sundhar;India;April 5, 2021;2021;TV-14;140 min;Comedies, Dramas, International Movies;Amid a local election with two rivals vying to win by any means necessary, a barber lands in a curiously powerful position as the single deciding vote.
Movie;Bombay Rose;Gitanjali Rao;Cyli Khare, Gargi Shitole, Amardeep Jha, Amit Deondi, Makrand Deshpande, Virendra Saxena, Shishir Sharma;India, United Kingdom, France, Qatar;March 8, 2021;2021;PG-13;97 min;Dramas, Independent Movies, International Movies;Amidst the bustle of a magnetic and multifaceted city, the budding love between two dreamers is tested.
Movie;The White Tiger;Ramin Bahrani;Adarsh Gourav, Rajkummar Rao, Priyanka Chopra Jonas, Mahesh Manjrekar, Vijay Maurya;India, United States;January 22, 2021;2021;R;127 min;Dramas;The ambitious driver for a rich Indian family uses his wit and cunning to escape from poverty and become an entrepreneur. Based on the bestselling novel.
Movie;June & Kopi;Noviandra Santosa;Acha Septriasa, Ryan Delon, Makayla Rose Hilli, TJ;Indonesia;January 28, 2021;2021;TV-PG;90 min;Children & Family Movies, Dramas, International Movies;A street dog is taken in by a young couple, and the family pit becomes an instant accomplice as she adjusts to her new, loving home.
Movie;Tersanjung the Movie;Hanung Bramantyo, Pandu Adjisurya;Clara Bernadeth, Giorgino Abraham, Kevin Ardilova, Nugie, Kinaryosih, Marthino Lio, Djenar Maesa Ayu, Ernanto Kusuma, Sacha Stevenson;Indonesia;April 1, 2021;2021;TV-14;114 min;Dramas, International Movies, Romantic Movies;After growing up in a tumultuous household, Yura finds herself in a love triangle with two close friends as she faces a personal and financial crisis.
Movie;Geez & Ann;Rizki Balki;Hanggini, Junior Roberts, Roy Sungkono, Shenina Cinnamon, Ashira Zamita, Amel Carla, Davina Karamoy, Naimma Aljufri, Andi Viola, Jasmine Elfira Burhan, Kezia Aletheia, Dewi Rezer, Ersa Mayori, Indra Brasco, Bobby Samuel, Ady Sky, Farhan Rasyid;Indonesia;February 25, 2021;2021;TV-PG;106 min;Dramas, International Movies, Romantic Movies;After falling for Geez, a heartthrob at school, Ann must confront family opposition, heartache and deception as their romance struggles.
Movie;A Perfect Fit;Hadrah Daeng Ratu;Nadya Arina, Refal Hady, Giorgino Abraham, Anggika Bolsterli, Laura Theux, Christine Hakim, Unique Priscilla, Karina Suwandi, Mathias Muchus, Ayu Laksmi, I Made Sidia, Dominique Sanda, Bryan Domani, Wafda Saifan, Yayu Unru, Dave Hendrik;Indonesia;July 15, 2021;2021;TV-PG;113 min;Comedies, Dramas, International Movies;Sparks fly when a fashion blogger in Bali meets a gifted shoemaker, leading her to question her commitment to her fiancé.
Movie;Baggio: The Divine Ponytail;Letizia Lamartire;Andrea Arcangeli, Valentina Bellè, Andrea Pennacchi, Antonio Zavatteri, Anna Ferruzzo, Riccardo Goretti, Thomas Trabacchi, Marc Clotet, Martufello;Italy;May 26, 2021;2021;TV-MA;92 min;Dramas, International Movies, Sports Movies;The story of Roberto Baggio, one of the best soccer players of all time, including his career highs, triumphs over injuries and discovery of Buddhism.
Movie;Caught by a Wave;Massimiliano Camaiti;Elvira Camarrone, Christian Roberto, Donatella Finocchiaro, Corrado Invernizzi, Vincenzo Amato, Manuela Ventura, Rosalba Battaglia, Daniele Pilli;Italy;March 25, 2021;2021;TV-14;100 min;Dramas, International Movies, Romantic Movies;After falling in love at a sailing summer camp in Sicily, reality comes crashing down on a teenage couple when a harsh truth prompts a pivotal decision.
Movie;Security;Peter Chelsom;Marco D'Amore, Maya Sansa, Silvio Muccino, Valeria Bilello, Ludovica Martino, Giulio Pranno, Tommaso Ragno, Beatrice Grannò, Antonio Zavatteri, Anna Della Rosa, Fabrizio Bentivoglio;Italy;June 16, 2021;2021;TV-MA;119 min;Dramas, International Movies, Thrillers;After the assault of a young woman in their seaside town, a security expert and his family get caught in a powerful riptide of secrets and lies.
Movie;A Classic Horror Story;Roberto De Feo, Paolo Strippoli;Matilda Lutz, Francesco Russo, Peppino Mazzotta, Will Merrick, Yuliia Sobol, Alida Baldari Calabria, Cristina Donadio, Francesca Cavallin;Italy;July 14, 2021;2021;TV-MA;95 min;Horror Movies, International Movies;In this gruesome suspense film, strangers traveling in southern Italy become stranded in the woods, where they must fight desperately to get out alive.
Movie;Beckett;Ferdinando Cito Filomarino;John David Washington, Boyd Holbrook, Alicia Vikander, Vicky Krieps, Lena Kitsopoulou, Panos Koronis, Maria Votti;Italy, Brazil, Greece;August 13, 2021;2021;TV-MA;110 min;Action & Adventure;An American tourist goes on the run in Greece after a tragic accident plunges him into a political conspiracy that makes him a target for assassination.
Movie;HOMUNCULUS;Takashi Shimizu;Go Ayano, Ryo Narita, Yukino Kishii, Anna Ishii, Seiyo Uchino;Japan;April 22, 2021;2021;TV-MA;116 min;Horror Movies, International Movies, Thrillers;Truth and illusion blurs when a homeless amnesiac awakens from an experimental medical procedure with the ability to see people's innermost traumas.
Movie;Ride or Die;Ryuichi Hiroki;Kiko Mizuhara, Honami Sato, Yoko Maki, Anne Suzuki, Tetsushi Tanaka, Sara Minami, Yui Uemura, Shinya Niiro, Shunsuke Tanaka, Setsuko Karasuma;Japan;April 15, 2021;2021;TV-MA;143 min;Dramas, International Movies, LGBTQ Movies;Rei helps the woman she’s been in love with for years escape her abusive husband. While on the run, their feelings for each other catch fire.
Movie;Jungle Beat: The Movie;Brent Dawes;Ed Kear, David Menkin, Ina Marie Smith, John Guerrasio, David Rintoul, Gavin Peter, Lucy Montgomery, Florrie Wilkinson, Adam Neill, Jason Pennycooke;Mauritius;May 14, 2021;2021;TV-Y7;90 min;Children & Family Movies, Comedies;When a lost and lonely alien crash-lands on Earth, his new crew of talking animal friends helps him get back home — and try to save the world!
Movie;Alan Saldaña: Locked Up;Alex Díaz;Alan Saldaña;Mexico;June 3, 2021;2021;TV-MA;49 min;Stand-Up Comedy;Mexican comedian Alan Saldaña is back, poking gentle fun at himself and parceling advice, especially about how to stay married and how to be parents.
Movie;Tell Me When;Gerardo Gatica;Jesús Zavala, Ximena Romo, Verónica Castro, José Carlos Ruiz, Gabriel Nuncio, Rosa María Bianchi, Héctor Bonilla, Andrés Almeida;Mexico;April 21, 2021;2021;TV-MA;97 min;Comedies, International Movies;Workaholic Will puts his humdrum life in LA on hold to fulfill his grandpa's last wish: visiting Mexico City's most iconic sights and falling in love.
Movie;Xico's Journey;Eric D. Cabello Díaz;Verónica Alva, Pablo Gama Iturrarán “Mago Gamini”, Luis Ángel Jaramillo, Lila Downs, Elena Poniatowska, Verónica Castro, Enrique Guzmán, Alex Lora, Marco Antonio Solís, Víctor Trujillo;Mexico;February 12, 2021;2021;TV-Y7;87 min;Children & Family Movies;A girl, a dog and her best pal set out to save a mountain from a gold-hungry corporation. But the key lies closer to home, with her sidekick pup, Xico.
Movie;Dance of the Forty One;David Pablos;Alfonso Herrera, Emiliano Zurita, Mabel Cadena, Fernando Becerril, Paulina Álvarez Muñoz;Mexico, Brazil;May 12, 2021;2021;TV-MA;99 min;Dramas, Independent Movies, International Movies;A gay congressman marries the Mexican president's daughter but cavorts with a young man at a secret club. And then scandal hits. Based on a true story.
Movie;Tragic Jungle;Yulene Olaizola;Indira Andrewin, Gilberto Barraza, Gabino Rodríguez, Eligio Meléndez, Mariano Tun Xool, Dale Carley, José Alfredo González Dzul, Eliseo Mancilla De La Cruz;Mexico, France, Colombia;June 9, 2021;2021;TV-MA;97 min;Dramas, Independent Movies, International Movies;To escape an arranged marriage, a woman flees into the depths of the Mayan jungle, where untamed nature merges the human and the supernatural.
Movie;Just Say Yes;Appie Boudellah, Aram van de Rest;Yolanthe Cabau, Noortje Herlaar, Kim-Lian van der Meij, Nienke Plas, Pip Pellens, Jim Bakkum, Huub Smit, Edwin Jonker;Netherlands;April 2, 2021;2021;TV-MA;98 min;Comedies, International Movies, Romantic Movies;Incurable romantic Lotte finds her life upended when her plans for a picture-perfect wedding unravel — just as her self-absorbed sister gets engaged.
Movie;Cousins;Ainsley Gardiner, Briar Grace-Smith;Rachel House, Briar Grace-Smith, Tanea Heke, Tioreore Ngatai-Melbourne, Ana Scotney, Hariata Moriarty, Chelsie Preston Crayford, Sylvia Rands;New Zealand;July 22, 2021;2021;TV-MA;99 min;Dramas;Separated as children, three cousins with an unshakeable bond confront their painful pasts and embark on an emotional journey to find each other.
Movie;Namaste Wahala;Hamisha Daryani Ahuja;Ini Dima-Okojie, Ruslaan Mumtaz, Richard Mofe-Damijo, Joke Silva, Sujata Sehgal, Koye Kekere Ekun, Hamisha Daryani Ahuja, Anee Icha, Ibrahim Suleiman, Osas Ighodaro, Broda Shaggi;Nigeria;February 14, 2021;2021;TV-14;107 min;Comedies, Dramas, International Movies;An interracial romance hits humorous and heart-wrenching hiccups as the couple's parents fight tooth and nail against their relationship.
TV Show;King of Boys: The Return of the King;Kemi Adetiba;"Sola Sobowale, Toni Tones, Richard Mofe-Damijo, Efa Iwara, Titi Kuti, Tobechukwu ""iLLbliss"" Ejiofor, Remilekun ""Reminisce"" Safaru, Charles  ""Charly Boy"" Oputa, Nse Ikpe-Etim, Keppy Ekpenyong Bassey, Bimbo Manuel, Akin Lewis, Lord Frank, Osas Ighodaro, Taiwo Ajai-Lycett, Paul Sambo";Nigeria;August 27, 2021;2021;TV-MA;1 Season;Crime TV Shows, International TV Shows, TV Dramas;Alhaja Eniola Salami starts anew and sets her sights on a different position of power, fueled by revenge, regret and ruthlessness.
TV Show;Trese;Jay Oliva;Shay Mitchell, Liza Soberano, Jon Jon Briones, Darren Criss, Manny Jacinto, Dante Basco, Nicole Scherzinger, Lou Diamond Phillips, Steve Blum;Philippines, Singapore, Indonesia;June 11, 2021;2021;TV-MA;1 Season;Anime Series, Crime TV Shows, TV Horror;In Manila, where dark supernatural forces pervade the criminal underworld, it’s up to Alexandra Trese to keep the peace — but there’s a storm brewing.
Movie;Squared Love;Filip Zylber;Adrianna Chlebicka, Mateusz Banasiuk, Agnieszka Żulewska, Krzysztof Czeczot, Mirosław Baka, Tomasz Karolak, Bartłomiej Kotschedoff, Jacek Knap, Anna Smołowik, Helena Mazur, Sebastian Stankiewicz;Poland;February 11, 2021;2021;TV-14;102 min;Comedies, International Movies, Romantic Movies;A celebrity journalist and renowned womanizer starts to rethink his life choices after he falls for a mysterious model who leads a double life.
TV Show;The Mire;Jan Holoubek;Andrzej Seweryn, Dawid Ogrodnik, Zofia Wichłacz, Magdalena Walach, Piotr Fronczewski, Agnieszka Żulewska, Ireneusz Czop, Zbigniew Waleryś, Jacek Beler, Nel Kaczmarek;Poland;July 7, 2021;2021;TV-MA;2 Seasons;Crime TV Shows, International TV Shows, TV Dramas;In an early-'80s Polish town, a prostitute and a youth leader are found killed, but the police's handling of the case makes two journalists suspicious.
Movie;Bartkowiak;Daniel Markowicz;Józef Pawłowski, Zofia Domalik, Szymon Bobrowski, Bartłomiej Topa, Janusz Chabior, Rafał Zawierucha, Antoni Pawlicki, Cezary Łukaszewicz, Danuta Stenka, Jan Frycz, Damian Majewski;Poland;July 28, 2021;2021;TV-MA;92 min;Action & Adventure, International Movies;After his brother dies in a car crash, a disgraced MMA fighter takes over the family nightclub — and soon learns his sibling's death wasn’t an accident.
Movie;Secret Magic Control Agency;Aleksey Tsitsilin;Nicholas Corda, Sylvana Joyce, Alyson Leigh Rosenfeld, Courtney Shaw, Erica Schroeder, Georgette Timoney, Mary O'Brady, Marc Thompson;Russia, United States;March 25, 2021;2021;TV-Y7;105 min;Children & Family Movies, Comedies;Hansel and Gretel of fairy tale fame — now acting as secret agents — must use magic, clever thinking and teamwork on a mission to find a missing king.
Movie;The Tambour of Retribution;Abdulaziz Alshlahei;Faisal Al Dokhei, Adwa Fahad, Muhand Alsaleh, Rawya Ahmed, Ajeba Aldosary, Aly Ibrahim, Samer Elkhal, Hashem Hawsawi, Ibrahim Mesisebi, Shabib Alkhaleefa, Abdulateif Saud, Nada Alshehry, Dhay Nasser;Saudi Arabia;July 19, 2021;2021;TV-14;91 min;Dramas, International Movies, Romantic Movies;In an impoverished neighborhood, the son of a swordsman falls in love with the daughter of a wedding singer — a taboo match in a traditional society.
Movie;Slay;Adze Ugah;Enhle Mbali, Ramsey Nouah, Dawn Thandeka Kang, Idris Sultan, Tumi Morake, Trevor Gumbi, Lillian Dube, Kaly Bossy Asante, Shaleen Surtie, Fabian Lojege;South Africa;August 8, 2021;2021;TV-MA;86 min;Comedies, International Movies, Romantic Movies;In pursuit of both success and validation, a group of tech-savvy individuals juggle intimate encounters, first impressions and romantic opportunities.
Movie;I Am All Girls;Donovan Marsh;Erica Wessels, Hlubi Mboya, Deon Lotz, Brendon Daniels, Mothusi Magano;South Africa;May 14, 2021;2021;TV-MA;107 min;Dramas, International Movies, Thrillers;A relentless detective finds common ground with a killer systematically targeting the perpetrators running a powerful child-trafficking ring.
Movie;Trippin' with the Kandasamys;Jayan Moodley;Jailoshini Naidoo, Maeshni Naicker, Madhushan Singh, Mishqah Parthiephal, Koobeshan Naidoo, Yugan Naidoo, Mariam Bassa, Uraysha Ramrachia;South Africa;June 4, 2021;2021;TV-14;94 min;Comedies, International Movies, Romantic Movies;To rekindle their marriages, best friends-turned-in-laws Shanthi and Jennifer plan a couples' getaway. But it comes with all kinds of surprises.
Movie;Loyiso Gola: Unlearning;Kagiso Lediga;Loyiso Gola;South Africa;March 23, 2021;2021;TV-MA;60 min;Stand-Up Comedy;South African comedian Loyiso Gola serves up filter-free humor as he riffs about race, identity, politics, and a school prank gone embarrassingly wrong!
Movie;What Happened to Mr. Cha?;Kim Dong-kyu;Cha In-pyo, Cho Dal-hwan, Song Jae-ryong;South Korea;January 1, 2021;2021;TV-MA;102 min;Comedies, International Movies;With the peak of his career long behind him, an actor clings to his past glory — until a sudden wake-up call forces him to face who he's become.
TV Show;Men on a Mission;Jung-ah Im;Ho-dong Kang, Soo-geun Lee, Sang-min Lee, Young-chul Kim, Jang-hoon Seo, Hee-chul Kim, Kyung-hoon Min;South Korea;March 23, 2021;2021;TV-14;6 Seasons;International TV Shows, Korean TV Shows, Stand-Up Comedy & Talk Shows;Male celebs play make-believe as high schoolers, welcoming star transfer students every week and engaging in battles of witty humor and slapstick.
Movie;Sweet & Sour;Lee Kae-byeok;Jang Ki-yong, Chae Soo-bin, Jung Soo-jung;South Korea;June 4, 2021;2021;TV-14;103 min;Comedies, International Movies, Romantic Movies;Faced with real-world opportunities and challenges, a couple endures the highs and lows of trying to make a long-distance relationship survive.
Movie;Wish You;Sung Do-jun;Kang In-soo, Lee Sang, Soo-bin;South Korea;January 15, 2021;2021;TV-PG;102 min;Dramas, International Movies, LGBTQ Movies;Singing and dreaming together, a talented singer-songwriter and a same-aged keyboardist add harmony and love to each other’s lives.
Movie;The 8th Night;Kim Tae-hyung;Lee Sung-min, Park Hae-joon, Kim You-jung, Nam Da-reum, Choi Jin-ho, Kim Dong-yeong, Lee Eal;South Korea;July 2, 2021;2021;TV-14;116 min;Horror Movies, International Movies, Thrillers;With prayer beads in one hand and an ax in the other, a monk hunts down a millennia-old spirit that's possessing humans and unleashing hell on Earth.
Movie;Space Sweepers;Jo Sung-hee;Song Joong-ki, Kim Tae-ri, Jin Sun-kyu, Yoo Hai-jin, Richard Armitage, Park Ye-rin;South Korea;February 5, 2021;2021;TV-MA;138 min;Action & Adventure, Dramas, International Movies;Chasing after space debris and faraway dreams in year 2092, four misfits unearth explosive secrets during the attempted trade of a wide-eyed humanoid.
Movie;Night in Paradise;Park Hoon-jung;Um Tae-goo, Jeon Yeo-been, Cha Seoung-won, Lee Ki-young, Park Ho-san;South Korea;April 9, 2021;2021;TV-MA;132 min;Dramas, International Movies;Hiding out in Jeju Island following a brutal tragedy, a wronged mobster with a target on his back connects with a woman who has her own demons.
Movie;Crazy About Her;Dani de la Orden;Álvaro Cervantes, Susana Abaitua, Luis Zahera, Clara Segura, Aixa Villagrán, Paula Malia, Nil Cardoner, Txell Aixendri, Alberto San Juan;Spain;February 26, 2021;2021;TV-MA;107 min;Comedies, International Movies, Romantic Movies;After spending a wild night together, Adri discovers the only way to see Carla again is to become a patient at the psychiatric center where she resides.
Movie;Hate by Dani Rovira;Mario Briongos;Dani Rovira;Spain;February 12, 2021;2021;TV-MA;83 min;Stand-Up Comedy;From his hometown of Málaga, Dani Rovira reflects on human beings’ nonsensical hatred in this hilarious and unfiltered comedy special.
TV Show;Valeria;Inma Torrente;Diana Gómez, Silma López, Paula Malia, Teresa Riott, Maxi Iglesias, Ibrahim Al Shami;Spain;August 13, 2021;2021;TV-MA;2 Seasons;International TV Shows, Romantic TV Shows, Spanish-Language TV Shows;A writer in creative and marital crises finds support from three friends, who are also discovering themselves. Based on the novels by Elísabet Benavent.
Movie;Heroes: Silence and Rock & Roll;Alexis Morante;Enrique Bunbury, Juan Valdivia, Joaquín Cardiel, Pedro Andreu;Spain;April 23, 2021;2021;TV-MA;95 min;Documentaries, International Movies, Music & Musicals;An exploration of the rise of Héroes del Silencio, the seminal 1980s Spanish rock band. Anchored by Enrique Bunbury, they focused on a harder sound.
Movie;Below Zero;Lluís Quílez;Javier Gutiérrez, Karra Elejalde, Luis Callejo, Andrés Gertrúdix, Isak Ferriz, Édgar Vittorino, Miquel Gelabert, Florin Opritescu, Àlex Monner, Patrick Criado;Spain;January 29, 2021;2021;TV-MA;107 min;Action & Adventure, International Movies;When a prisoner transfer van is attacked, the cop in charge must fight those inside and outside while dealing with a silent foe: the icy temperatures.
TV Show;The Idhun Chronicles;Maite Ruiz De Austri;Michelle Jenner, Itzan Escamilla, Sergio Mur, Nico Romero, Carlos Cuevas;Spain;January 8, 2021;2021;TV-14;2 Seasons;Anime Series, International TV Shows, Spanish-Language TV Shows;A boy suddenly orphaned fights his parents' killer to save a planet, and discovers a new world of danger — and wonder.
Movie;Xtreme;Daniel Benmayor;Teo García, Óscar Jaenada, Óscar Casas, Andrea Duro, Sergio Peris-Mencheta, Alberto Jo Lee, Luis Zahera, Andrés Herrera, Nao Albet, César Bandera, Isa Montalbán;Spain;June 4, 2021;2021;TV-MA;112 min;Action & Adventure, International Movies;In this fast-paced and action-packed thriller, a retired hitman — along with his sister and a troubled teen — takes revenge on his lethal stepbrother.
Movie;Coven of Sisters;Pablo Agüero;Alex Brendemühl, Amaia Aberasturi, Daniel Fanego, Garazi Urkola, Yune Nogueiras, Jone Laspiur, Irati Saez de Urabain, Lorea Ibarra;Spain, Argentina;March 11, 2021;2021;TV-MA;92 min;Dramas, Independent Movies, International Movies;Basque Country, 1609. To postpone their execution, a group of women accused of witchcraft lure their inquisitor into witnessing the witches' Sabbath.
Movie;Dancing Queens;Helena Bergström;Molly Nutley, Fredrik Quiñones, Marie Göranzon, Mattias Nordkvist, Claes Malmberg, Christopher Wollter, Emil Almén, Razmus Nyström, André Christenson, Louie Indriana, Max Ulveson;Sweden;June 3, 2021;2021;TV-MA;111 min;Comedies, Dramas, International Movies;A dancer who gets a job cleaning at a struggling drag club dreams of being in the show, and her talent catches an ambitious choreographer's eye.
Movie;Red Dot;Alain Darborg;Nanna Blondell, Anastasios Soulis, Thomas Hanzon, Johannes Kuhnke, Tomas Bergström, Kalled Mustonen, Anna Azcárate;Sweden;February 11, 2021;2021;TV-MA;86 min;International Movies, Thrillers;Trying to rekindle their marriage and with a child on the way, a young couple on a ski trip suddenly finds themselves stalked by remorseless killers.
Movie;Deep;Sita Likitvanichkul, Jetarin Ratanaserikiat, Apirak Samudkitpaisan, Thanabodee Uawithya, Adirek Wattaleela;Panisara Rikulsurakan, Kay Lertsittichai, Supanaree Sutavijitvong, Krit Jeerapattananuwong, Warisara Jitpreedasakul, Dujdao Vadhanapakorn, Kim Waddoup, Philaiwan Khamphirathat, Wongsakorn Rassamitat, Bhumibhat Thavornsiri;Thailand;July 16, 2021;2021;TV-MA;101 min;Dramas, International Movies, Thrillers;Four insomniac med school students are lured into a neuroscience experiment that spirals out of control — and must find a way out before it’s too late.
TV Show;Let's Fight Ghost;Kongkiat Khomsiri;Suppapong Udomkaewkanjana, Patchanan Jiajirachote, Thongpoom Siripipat, Apiwit Reardon, Kornrawich Sungkitbool, Waratthaya Wongchayaporn, Wannasak Sirilar;Thailand;April 23, 2021;2021;TV-14;1 Season;International TV Shows, Romantic TV Shows, TV Comedies;A med student with a supernatural gift tries to cash in on his abilities by facing off against ghosts, till a wandering spirit brings romance instead.
Movie;Ghost Lab;Paween Purijitpanya;Thanapob Leeratanakachorn, Paris Intarakomalyasut, Nuttanicha Dungwattanawanich, Suquan Bulakul, Rachanee Siralert, Chaleeda Gilbert, Nuttawut Jenmana, Alanta Potjes, Anchuleeon Buagaew, Jinjuta Rattanaburi;Thailand;May 27, 2021;2021;TV-MA;118 min;Horror Movies, International Movies, Thrillers;After witnessing a haunting in their hospital, two doctors become dangerously obsessed with obtaining scientific proof that ghosts exist.
Movie;Paper Lives;Can Ulkay;Çağatay Ulusoy, Emir Ali Doğrul, Ersin Arıcı, Turgay Tanülkü, Selen Öztürk, Osman İskender Bayer, Tomris Çetinel, Volkan Çalışkan, Mehmet Bahattin Genç, Okşan Büyük;Turkey;March 12, 2021;2021;TV-MA;97 min;Dramas, International Movies;In the streets of Istanbul, ailing waste warehouse worker Mehmet takes a small boy under his wing and must soon confront his own traumatic childhood.
Movie;Myriam Fares: The Journey;Myriam Fares;Myriam Fares;United Arab Emirates;June 3, 2021;2021;TV-14;72 min;Documentaries, International Movies, Music & Musicals;From pregnancy to album preparations, Lebanese singer and “Queen of the Stage” Myriam Fares documents her experiences with her family while in lockdown.
Movie;The Dig;Simon Stone;Carey Mulligan, Ralph Fiennes, Lily James, Johnny Flynn, Ben Chaplin, Ken Stott;United Kingdom;January 29, 2021;2021;PG-13;113 min;Dramas, International Movies;On the eve of World War II, a British widow hires a self-taught archaeologist to dig up mysterious formations on her land, leading to a staggering find.
Movie;Lady Boss: The Jackie Collins Story;Laura Fairrie;Jackie Collins;United Kingdom;August 5, 2021;2021;TV-14;97 min;Documentaries;"""Queen of Sleaze"" or feminist pioneer? Powerhouse novelist Jackie Collins created a brash sex-positive persona while hiding her private struggles."
TV Show;Feel Good;Ally Pankiw;Mae Martin, Charlotte Ritchie, Lisa Kudrow, Sophie Thompson, Tom Andrews, Tobi Bamtefa, Phil Burgers, Ophelia Lovibond, Adrian Lukis, Ritu Arya, Ramon Tikaram;United Kingdom;June 4, 2021;2021;TV-MA;2 Seasons;Romantic TV Shows, TV Comedies, TV Dramas;Stand-up comic Mae Martin navigates a passionate, messy new relationship with her girlfriend, George, while dealing with the challenges of sobriety.
TV Show;The Great British Baking Show;Andy Devonshire;Mel Giedroyc, Sue Perkins, Mary Berry, Paul Hollywood;United Kingdom;September 24, 2021;2021;TV-14;9 Seasons;British TV Shows, Reality TV;A talented batch of amateur bakers face off in a 10-week competition, whipping up their best dishes in the hopes of being named the U.K.'s best.
Movie;The Last Letter From Your Lover;Augustine Frizzell;Shailene Woodley, Felicity Jones, Callum Turner, Joe Alwyn, Nabhaan Rizwan, Ncuti Gatwa, Emma Appleton, Christian Brassington, Alice Orr-Ewing, Lee Knight, Zoe Boyle, Ben Cross, Diana Kent;United Kingdom;July 23, 2021;2021;TV-MA;111 min;Dramas, Romantic Movies;After finding a trove of love letters from 1965, a reporter sets out to solve the mystery of a secret affair — while embarking on a romance of her own.
Movie;Concrete Cowboy;Ricky Staub;Idris Elba, Caleb McLaughlin, Jharrel Jerome, Byron Bowers, Lorraine Toussaint, Method Man, Ivannah Mercedes, Jamil Prattis, Liz Priestley;United Kingdom, United States;April 2, 2021;2021;R;112 min;Dramas, Independent Movies;Sent to live with his estranged father for the summer, a rebellious teen finds kinship in a tight-knit Philadelphia community of Black cowboys.
Movie;The Kissing Booth 3;Vince Marcello;Joey King, Joel Courtney, Jacob Elordi, Molly Ringwald, Taylor Zakhar Perez, Maisie Richardson-Sellers, Meganne Young, Stephen Jennings;United Kingdom, United States;August 11, 2021;2021;TV-14;114 min;Comedies, Romantic Movies;Determined to make the most of her final summer before college, Elle plans the ultimate bucket list as she navigates what comes next with Noah and Lee.
Movie;I Care a Lot;J Blakeson;Rosamund Pike, Peter Dinklage, Eiza González, Dianne Wiest, Chris Messina, Isiah Whitlock Jr., Macon Blair, Alicia Witt, Damian Young;United Kingdom, United States;February 19, 2021;2021;R;118 min;Comedies, LGBTQ Movies, Thrillers;A court-appointed legal guardian defrauds her older clients and traps them under her care. But her latest mark comes with some unexpected baggage.
Movie;The Paper Tigers;Quoc Bao Tran;Alain Uy, Ron Yuan, Mykel Shannon Jenkins, Jae Suh Park, Matthew Page, Joziah Lagonoy, Raymond Ma;United States;August 7, 2021;2021;PG-13;111 min;Action & Adventure, Comedies;After reuniting as middle-aged men, three kung-fu prodigies must set their differences aside and dust off their skills to avenge their beloved mentor.
Movie;The Devil Below;Bradley Parker;Alicia Sanz, Will Patton, Jonathan Sadowski, Adan Canto, Zach Avery, Chinaza Uche, Jesse LaTourette;United States;June 13, 2021;2021;TV-MA;89 min;Horror Movies;When a team of researchers tries to find out what started a fire in a coal mine, they quickly discover that the disaster is anything but natural.
Movie;Barbie & Chelsea: The Lost Birthday;Cassi Simonds;America Young, Cassidy Naber, Kirsten Day, Cassandra Morris, Lisa Fuson, Greg Chun, Benjamin Pronsky, Laila Berzins, Nakia Burrise, Jacob Craner;United States;April 16, 2021;2021;TV-Y;60 min;Children & Family Movies;When Barbie’s sister Chelsea thinks her birthday has been skipped, she hunts for a magic gem on a jungle island that will grant her wish to get it back.
Movie;The Woman in the Window;Joe Wright;Amy Adams, Gary Oldman, Anthony Mackie, Fred Hechinger, Wyatt Russell, Brian Tyree Henry, Jennifer Jason Leigh, Jeanine Serralles, Mariah Bozeman, Julianne Moore;United States;May 14, 2021;2021;R;102 min;Dramas, Thrillers;Confined to her home by agoraphobia, a psychologist becomes obsessed with her new neighbors — and solving a brutal crime she witnesses from her window.
Movie;Amy Tan: Unintended Memoir;James Redford;Amy Tan;United States;May 18, 2021;2021;TV-14;101 min;Documentaries;"From her painful past to her successful career after ""The Joy Luck Club,"" groundbreaking writer Amy Tan shares her life story in this documentary."
Movie;Aftermath;Peter Winther;Ashley Greene, Shawn Ashmore, Sharif Atkins, Britt Baron, Diana Hopper, Ross McCall, Jamie Kaler, Travis Coles, Susan Walters, Jason Liles;United States;August 4, 2021;2021;TV-MA;115 min;Horror Movies;Desperate to save their marriage, a young couple takes a deal and moves into their dream home, but disturbing events reveal the house's troubled history.
Movie;Animals on the Loose: A You vs. Wild Movie;Ben Simms;Bear Grylls;United States;February 16, 2021;2021;TV-PG;139 min;Children & Family Movies;When wild animals escape from a sanctuary, Bear Grylls — and you — must pursue them and secure their protective habitat. An interactive special.
Movie;Bo Burnham: Inside;Bo Burnham;Bo Burnham;United States;May 30, 2021;2021;TV-MA;88 min;Stand-Up Comedy;A new comedy special shot and performed by Bo Burnham, alone, over the course of the past year.
Movie;Brian Regan: On the Rocks;Troy Miller;Brian Regan;United States;February 23, 2021;2021;TV-G;58 min;Stand-Up Comedy;Brian Regan tackles the big issues weighing on him, including aging, time, obsessive behavior, backpacks on airplanes, ungrateful horses and raisins.
Movie;America: The Motion Picture;Matt Thompson;Channing Tatum, Jason Mantzoukas, Olivia Munn, Andy Samberg, Bobby Moynihan, Judy Greer, Will Forte, Raoul Trujillo, Killer Mike, Simon Pegg;United States;June 30, 2021;2021;TV-MA;98 min;Action & Adventure, Comedies;A chainsaw-wielding George Washington teams with beer-loving bro Sam Adams to take down the Brits in a tongue-in-cheek riff on the American Revolution.
Movie;7 Yards: The Chris Norton Story;Jonathon Link;Chris Norton;United States;March 30, 2021;2021;TV-PG;93 min;Documentaries;The true story of former college football player Chris Norton, who defied the odds after a devastating accident — with the woman he loves by his side.
Movie;Army of the Dead;Zack Snyder;Dave Bautista, Ella Purnell, Omari Hardwick, Garret Dillahunt, Ana de la Reguera, Theo Rossi, Matthias Schweighöfer, Nora Arnezeder, Hiroyuki Sanada, Tig Notaro, Raúl Castillo, Huma Qureshi, Samantha Win, Richard Cetrone, Michael Cassidy;United States;May 21, 2021;2021;R;148 min;Action & Adventure, Horror Movies;After a zombie outbreak in Las Vegas, a group of mercenaries takes the ultimate gamble by venturing into the quarantine zone for the greatest heist ever.
Movie;Breaking Boundaries: The Science Of Our Planet;Jonathan Clay;David Attenborough, Johan Rockström;United States;June 4, 2021;2021;TV-PG;74 min;Documentaries;David Attenborough and scientist Johan Rockström examine Earth's biodiversity collapse and how this crisis can still be averted.
Movie;The Water Man;David Oyelowo;David Oyelowo, Rosario Dawson, Lonnie Chavis, Amiah Miller, Alfred Molina, Maria Bello;United States;August 25, 2021;2021;PG;92 min;Children & Family Movies, Dramas;Desperate to save his ailing mother, 11-year-old Gunner runs away from home on a quest to find a mythic figure rumored to have the power to cheat death.
TV Show;Halston;Daniel Minahan;Ewan McGregor, Bill Pullman, Rebecca Dayan, David Pittu, Krysta Rodriguez, Rory Culkin, Vera Farmiga, Gian Franco Rodriguez, Sullivan Jones, Kelly Bishop, Dilone, James Waterston, Jason Kravits, Mary Beth Peil;United States;May 14, 2021;2021;TV-MA;1 Season;TV Dramas;His name built an empire. His style defined an era. American fashion designer Halston skyrockets to fame before his life starts to spin out of control.
Movie;Cosmic Sin;Edward Drake;Frank Grillo, Bruce Willis, Brandon Thomas Lee, Corey Large, Perrey Reeves, C.J. Perry, Lochlyn Munro, Costas Mandylor, Adelaide Kane, Eva De Dominici, Sarah May Sommers, Trevor Gretzky;United States;July 17, 2021;2021;R;88 min;Action & Adventure;In the year 2524, a disgraced retired general is called back into combat to help prevent an interstellar war against a hostile alien fleet.
Movie;Awake;Mark Raso;Gina Rodriguez, Ariana Greenblatt, Frances Fisher, Jennifer Jason Leigh, Barry Pepper, Shamier Anderson, Finn Jones, Lucius Hoyos, Gil Bellows;United States;June 9, 2021;2021;TV-MA;97 min;Dramas, Thrillers;After a global event wipes out humanity's ability to sleep, a troubled ex-soldier fights to save her family as society and her mind spiral into chaos.
TV Show;The Flash;Glen Winter;Grant Gustin, Candice Patton, Danielle Panabaker, Carlos Valdes, Tom Cavanagh, Jesse L. Martin, Neil Sandilands, Britne Oldford, Danielle Nicolet, Keiynan Lonsdale, Kim Engelbrecht;United States;July 28, 2021;2021;TV-14;7 Seasons;Crime TV Shows, TV Action & Adventure, TV Sci-Fi & Fantasy;A forensics expert who wakes from a coma with amazing new powers squares off against forces threatening the city in this live-action superhero romp.
Movie;The Seventh Day;Justin P. Lange;Guy Pearce, Vadhir Derbez, Stephen Lang, Brady Jenness, Chris Galust, Robin Bartlett, Heath Freeman, Keith David;United States;June 24, 2021;2021;R;87 min;Horror Movies;An inexperienced priest teams up with a hardened exorcist to stop the demonic possession of a young boy. But darkness lies where they least expect it.
Movie;Moxie;Amy Poehler;Hadley Robinson, Lauren Tsai, Patrick Schwarzenegger, Nico Hiraga, Sydney Park, Josephine Langford, Clark Gregg, Josie Totah, Alycia  Pascual-Peña, Anjelika Washington, Charlie Hall, Sabrina Haskett, Ike Barinholtz, Amy Poehler, Marcia Gay Harden;United States;March 3, 2021;2021;PG-13;112 min;Comedies, Dramas, Music & Musicals;Inspired by her mom's rebellious past and a confident new friend, a shy 16-year-old publishes an anonymous zine calling out sexism at her school.
Movie;Sweet Girl;Brian Andrew Mendoza;Jason Momoa, Isabela Merced, Manuel Garcia-Rulfo, Amy Brenneman, Adria Arjona, Raza Jaffrey, Justin Bartha, Lex Scott Davis, Michael Raymond-James;United States;August 20, 2021;2021;R;110 min;Action & Adventure, Dramas;He lost the love of his life to a pharmaceutical company's greed. Now his daughter is without a mother, and he's without justice. For now.
Movie;YES DAY;Miguel Arteta;Jennifer Garner, Edgar Ramírez, Jenna Ortega, Julian Lerner, Everly Carganilla, Tracie Thoms, Fortune Feimster, Nat Faxon, Arturo Castro;United States;March 12, 2021;2021;PG;90 min;Children & Family Movies, Comedies;A mom and dad who usually say no decide to say yes to their kids' wildest requests — with a few ground rules — on a whirlwind day of fun and adventure.
Movie;Blue Miracle;Julio Quintana;Jimmy Gonzales, Dennis Quaid, Anthony Gonzalez, Bruce McGill, Raymond Cruz, Nathan Arenas, Miguel Angel Garcia, Isaac Arellanes, Steve Gutierrez, Dana Wheeler-Nicholson, Fernanda Urrejola, Silverio Palacios;United States;May 27, 2021;2021;TV-PG;97 min;Children & Family Movies, Dramas, Faith & Spirituality;To save their cash-strapped orphanage, a guardian and his kids partner with a washed-up boat captain for a chance to win a lucrative fishing competition.
Movie;Two Distant Strangers;Travon Free, Martin Desmond Roe;Joey Bada$$, Andrew Howard, Zaria;United States;April 9, 2021;2021;TV-MA;32 min;Dramas;In this Oscar-nominated short film, a man trying to go home to his dog gets stuck in a time loop that forces him to relive a deadly run-in with a cop.
Movie;Finding ‘Ohana;Jude Weng;Kea Peahu, Alex Aiono, Lindsay Watson, Owen Vaccaro, Kelly Hu, Branscombe Richmond, Ke Huy Quan, Brad Kalilimoku, Chris Parnell, Marc Evan Jackson, Ricky Garcia;United States;January 29, 2021;2021;PG;123 min;Children & Family Movies, Comedies;In Oʻahu for the summer, two siblings from Brooklyn connect with their Hawaiian heritage — and their family — on a daring quest for long-lost treasure.
Movie;Monster;Anthony Mandler;Kelvin Harrison Jr., Jennifer Hudson, Jeffrey Wright, Jennifer Ehle, Tim Blake Nelson, Nasir 'Nas' Jones, Rakim Mayers, Paul Ben-Victor, John David Washington, Jharrel Jerome, Dorian Missick;United States;May 7, 2021;2021;TV-MA;99 min;Dramas;A talented teen implicated in a robbery-turned-murder fights for his innocence and integrity against a criminal justice system that’s already judged him.
Movie;Fatherhood;Paul Weitz;Kevin Hart, Alfre Woodard, Lil Rel Howery, DeWanda Wise, Frankie Faison, Anthony Carrigan, Paul Reiser, Melody Hurd;United States;June 18, 2021;2021;PG-13;111 min;Dramas;A widowed new dad copes with doubts, fears, heartache and dirty diapers as he sets out to raise his daughter on his own. Inspired by a true story.
Movie;A Week Away;Roman White;Kevin Quinn, Bailee Madison, Jahbril Cook, Kat Conner Sterling, Sherri Shepherd, David Koechner, Iain Tucker, Amy Grant;United States;March 26, 2021;2021;TV-PG;98 min;Children & Family Movies, Faith & Spirituality, Music & Musicals;In this uplifting musical, a troubled teen takes a leap of faith by attending summer camp — and unexpectedly finds love, friends and a place to belong.
Movie;Deadly Illusions;Anna Elizabeth James;Kristin Davis, Dermot Mulroney, Greer Grammer, Shanola Hampton, Marie Wagenman, Shylo Molina, Abella Bala, Shaun Wu;United States;March 18, 2021;2021;R;115 min;Thrillers;After a bestselling novelist suffering from writer's block hires a new nanny for her children, the line between fiction and reality starts to blur.
Movie;Accomplice;Jeremy Grant;Kurt Sorge, Tom Van Steenbergen, Cameron Zink, Graham Agassiz, Tyler McCaul, Cameron McCaul, Ethan Nell, Hannah Bergemann, Carson Storch, Brandon Semenuk, Veronique Sandler, Nico Vink, Garett Buehler, Jaxson Riddle, Andreu Lacondeguy, Paul Genovese, Paul Basagoitia;United States;January 27, 2021;2021;TV-14;52 min;Documentaries, International Movies, Sports Movies;Traverse the globe with the world's top riders as they pedal through rugged terrain and majestic locations in this visual homage to the bicycle.
Movie;To All The Boys: Always And Forever;Michael Fimognari;Lana Condor, Noah Centineo, Janel Parrish, Anna Cathcart, Ross Butler, Madeleine Arthur, Emilija Baranac, Trezzo Mahoro, Sarayu Blue, John Corbett, Kelcey Mawema, Sofia Black-D'Elia, Henry Thomas;United States;February 12, 2021;2021;TV-14;116 min;Comedies, Romantic Movies;Senior year of high school takes center stage as Lara Jean returns from a family trip to Korea and considers her college plans — with and without Peter.
Movie;Kate;Cedric Nicolas-Troyan;Mary Elizabeth Winstead, Jun Kunimura, Woody Harrelson, Tadanobu Asano, Miyavi, Michiel Huisman, Miku Martineau;United States;September 10, 2021;2021;R;106 min;Action & Adventure;Slipped a fatal poison on her final job, a ruthless assassin working in Tokyo has less than 24 hours to find out who ordered the hit and exact revenge.
Movie;Operation Varsity Blues: The College Admissions Scandal;Chris Smith;Matthew Modine;United States;March 17, 2021;2021;R;100 min;Documentaries;Reenactments drive this documentary investigating the mastermind behind a scam to get the kids of rich and famous families into top US universities.
Movie;The Starling;Theodore Melfi;Melissa McCarthy, Chris O'Dowd, Kevin Kline, Timothy Olyphant, Daveed Diggs, Skyler Gisondo, Laura Harrier, Rosalind Chao, Kimberly Quinn, Loretta Devine, Ravi Kapoor;United States;September 24, 2021;2021;PG-13;104 min;Comedies, Dramas;A woman adjusting to life after a loss contends with a feisty bird that's taken over her garden — and a husband who's struggling to find a way forward.
Movie;Thunder Force;Ben Falcone;Melissa McCarthy, Octavia Spencer, Jason Bateman, Bobby Cannavale, Pom Klementieff, Melissa Leo, Taylor Mosby, Marcella Lowery, Melissa Ponzio;United States;April 9, 2021;2021;PG-13;107 min;Action & Adventure, Comedies;Two childhood best friends reunite as an unlikely crime-fighting superhero duo when one invents a formula that gives ordinary people superpowers.
Movie;Arlo the Alligator Boy;Ryan Crego;Michael J. Woodard, Mary Lambert, Brett Gelman, Jonathan Van Ness, Tony Hale, Haley Tju, Annie Potts, Vincent Rodriguez III, Flea, Jennifer Coolidge;United States;April 16, 2021;2021;TV-Y7;93 min;Children & Family Movies, Comedies, Music & Musicals;To find the father he never knew, optimistic Arlo leaves his swampy Southern home for New York City, making friends along the way. A musical adventure.
Movie;What Would Sophia Loren Do?;Ross Kauffman;"Nancy ""Vincenza Careri"" Kulik, Sophia Loren";United States;January 15, 2021;2021;TV-14;32 min;Documentaries;In this delightful short documentary, an Italian American grandmother and film buff finds strength and joy in the life of her screen idol, Sophia Loren.
Movie;Nate Bargatze: The Greatest Average American;Troy Miller;Nate Bargatze;United States;March 18, 2021;2021;TV-G;60 min;Stand-Up Comedy;Nate Bargatze touches on Zoom comedy shows, losing his phone, hotel breakfast fails, animal caddies, new math and much more in this special.
Movie;Biggie: I Got a Story to Tell;Emmett Malloy;"The Notorious B.I.G., Sean ""P. Diddy"" Combs";United States;March 1, 2021;2021;R;98 min;Documentaries, Music & Musicals;Featuring rare footage and in-depth interviews, this documentary celebrates the life of The Notorious B.I.G. on his journey from hustler to rap king.
Movie;Malcolm & Marie;Sam Levinson;Zendaya, John David Washington;United States;February 5, 2021;2021;R;106 min;Dramas, Independent Movies;As a filmmaker and his girlfriend return home from his movie premiere, smoldering tensions and painful revelations push them toward a romantic reckoning.
Movie;The Ice Road;Jonathan Hensleigh;Liam Neeson, Benjamin Walker, Amber Midthunder, Marcus Thomas, Laurence Fishburne, Holt McCallany, Martin Sensmeier, Matt McCoy, Matt Salinger;United States, Canada;June 25, 2021;2021;PG-13;109 min;Action & Adventure;To save a team of miners trapped underground, a down-on-his-luck ice road trucker joins a mission across treacherous terrain to deliver rescue equipment.
Movie;Skater Girl;Manjari Makijany;Rachel Saanchita Gupta, Amy Maghera, Shafin Patel, Ambrish Saxena, Swati Das, Jonathan Readwin, Ankit Yadav, Anurag Arora, Vinayak Gupta, Vivek Yadav, Waheeda Rehman;United States, India;June 11, 2021;2021;PG;110 min;Children & Family Movies, Dramas, International Movies;When a teen in rural India discovers a life-changing passion for skateboarding, she faces a rough road as she follows her dream to compete.
Movie;Monster Hunter: Legends of the Guild;Steven Yamamoto;Ben Rausch, Erica Lindbeck, Dante Basco, Brando Eaton, Stephen Kramer Glickman, Caroline Caliston, G.K. Bowes, Dan McCoy;United States, Japan;August 12, 2021;2021;TV-PG;59 min;Action & Adventure, Anime Features, Children & Family Movies;In a world where humans and fearsome monsters live in an uneasy balance, young hunter Aiden fights to save his village from destruction by a dragon.
Movie;Camellia Sisters;Bao Nhan, Namcito;Le Khanh, Kaity Nguyen, Hong Van, Khuong Le, Hoang Dung, Anh Dung, Si Nguyen, Huyng Kien An;Vietnam;June 10, 2021;2021;TV-MA;117 min;Dramas, International Movies;Tensions rise and untold secrets surface for three royal sisters when a family treasure is stolen the night before an antique auction.
